P;IITCODE;N.M;QTY;REFDES;PACKAGE;CATEGORY;Value;Supply_voltage;Tolerance;Pieces_quoted;Prepared;;;Description;Manuf;Manuf Code;Supplier;Supplier Code;;;;;;;;;;;;;;
1;6802;;4;U3 U5 U6 U8;MSOP8;AO;LT-1999-10;5V;;;;;;Current Sense Amplifier, -5/80V supply voltage, bidirectional, MSOP8, SMD;Linear Technology;LT1999IMS8-10#PBF;DIGI-KEY CORPORATION;LT1999IMS8-10#PBF-ND;Linear Technology;LT1999IMS8-10#PBF;FARNELL ITALIA S.R.L.;2009058;;;;;;;;;;
P;IITCODE;N.M;QTY;REFDES;PACKAGE;CATEGORY;Capacitance;Voltage;Tolerance;Dielectric;ESR;Rated RMS current;Temp;Description;Manuf;Manuf Code;Supplier;Supplier Code;;;;;;;;;;;;;;
2;479;;9;C8 C9 C24 C70 C88 C92 C97 C99 C104;603;C;10uF;6.3V;20%;X5R;;;;Multilayer Ceramic Capacitor, 10uF, 6.3V, 20%, X5R, SMD, 0603;Avx;06036D106MAT2A;DIGI-KEY CORPORATION;478-5318-1-ND;Avx;06036D106MAT2A;FARNELL ITALIA S.R.L.;1833804;Avx;06036D106MAT2A;MOUSER ELECTRONICS;581-06036D106MAT2A;TDK;C1608X5R0J106MT;RS COMPONENTS S.P.A.;741-4434;;
3;658;;1;C84;603;C;470pF;50V;5%;C0G;;;;Multilayer Ceramic Capacitor, 470pF, 50V, 5%, C0G, SMD, 0603;Murata;GRM1885C1H471JA01D;DIGI-KEY CORPORATION;490-1443-2-ND;Murata;GRM1885C1H471JA01D;RS COMPONENTS S.P.A.;624-2389;Murata;GRM1885C1H471JA01D;FARNELL ITALIA S.R.L.;8819904;Murata;GRM1885C1H471JA01D;MOUSER ELECTRONICS;81-GRM39C471J50;;
4;665;;6;C71 C75 C77 C79 C83 C85;603;C;22nF;50V;5%;X7R;;;;Multilayer Ceramic Capacitor, 22nF, 50V, 5%, X7R, SMD, 0603;Avx;06035C223JAT2A;DIGI-KEY CORPORATION;478-3722-2-ND;Avx;06035C223JAT2A;FARNELL ITALIA S.R.L.;1835412;Avx;06035C223JAT2A;MOUSER ELECTRONICS;581-06035C223JAT2A;;;;;;
5;1035;;40;C1 C2 C3 C4 C10 C11 C12 C13 C14 C15 C16 C17 C18 C19 C20 C21 C22 C23 C25 C27 C28 C41 C44 C49 C50 C62 C66 C87 C91 C93 C94 C95 C96 C98 C100 C101 C102 C103 C105 C106;402;C;100nF;16V;10%;X7R;;;;Multilayer Ceramic Capacitor, 100nF, 16V, 10%, X7R, SMD, 0402;Yageo;C0402KRX7R7BB104;FARNELL ITALIA S.R.L.;9402047;Yageo;C0402KRX7R7BB104;RS COMPONENTS S.P.A.;616-9701;Kemet;C0402C104K4RAC-TU;FARNELL ITALIA S.R.L.;1288252;Kemet;C0402C104K4RAC-TU;MOUSER ELECTRONICS;80-C0402C104K4R;;
6;1036;;4;C108 C109 C110 C111;402;C;100pF;50V;5%;C0G;;;;Multilayer Ceramic Capacitor, 100pF, 50V, 5%, C0G, SMD, 0402;Yageo;CC0402JRNPO9BN101;FARNELL ITALIA S.R.L.;3019226;Yageo;CC0402JRNPO9BN101;RS COMPONENTS S.P.A.;435-1497;Yageo;CC0402JRNPO9BN101;MOUSER ELECTRONICS;603-CC402JRNPO9BN101;;;;;;
7;1041;;2;C78 C86;603;C;470nF;16V;10%;X7R;;;;Multilayer Ceramic Capacitor, 470nF, 16V, 10%, X7R, SMD, 0603;Kemet;C0603C474K4RACTU;FARNELL ITALIA S.R.L.;1414644;Kemet;C0603C474K4RACTU;FARNELL ITALIA S.R.L.;1414644RL;Kemet;C0603C474K4RACTU;MOUSER ELECTRONICS;80-C0603C474K4R;Murata;GRM188R71C474KA88D;RS COMPONENTS S.P.A.;723-5626;;
8;1075;;4;C43 C45 C65 C67;402;C;10nF;50V;10%;X7R;;;;Multilayer Ceramic Capacitor, 10nF, 50V, 10%, X7R, SMD, 0402;Kemet;C0402C103K5RACTU;FARNELL ITALIA S.R.L.;1650808;Kemet;C0402C103K5RACTU;FARNELL ITALIA S.R.L.;1414575RL;Kemet;C0402C103K5RACTU;MOUSER ELECTRONICS;80-C0402C103K5R;Kemet;C0402C103K5RAC7867;RS COMPONENTS S.P.A.;147-752;;
9;1077;;2;C89 C90;1206;C;1nF;2kV;10%;X7R;;;;Multilayer Ceramic Capacitor, 1nF, 2kV, 10%, X7R, SMD, 1206;Avx;1206GC102KAT2A;FARNELL ITALIA S.R.L.;1216467;Avx;1206GC102KAT2A;RS COMPONENTS S.P.A.;391-309;Avx;1206GC102KAT2A;MOUSER ELECTRONICS;581-1206GC102K;;;;;;
10;1078;;4;C72 C73 C80 C81;1210;C;1uF;100V;10%;X7R;;;;Multilayer Ceramic Capacitor, 1uF, 100V, 10%, X7R, SMD, 1210;Avx;12101C105KAT2A;FARNELL ITALIA S.R.L.;1301814;Avx;12101C105KAT2A;RS COMPONENTS S.P.A.;698-3740;Avx;12101C105KAT2A;MOUSER ELECTRONICS;581-12101C105KAT2A;;;;;;
11;1079;;2;C74 C82;1210;C;100uF;6.3V;20%;X5R;;;;Multilayer Ceramic Capacitor, 100uF, 6.3V, 10%, X5R, SMD, 1210;Kemet;C1210C107M9PAC7800;FARNELL ITALIA S.R.L.;1108328;Kemet;C1210C107M9PAC7800;RS COMPONENTS S.P.A.;691-1243;Kemet;C1210C107M9PAC7800;MOUSER ELECTRONICS;80-C1210C107M9P;;;;;;
12;1237;;4;C46 C47 C68 C69;402;C;1nF;50V;10%;X7R;;;;Multilayer Ceramic Capacitor, 1nF, 50V, 10%, X7R, SMD, 0402;Kemet;C0402C102K5RACTU;FARNELL ITALIA S.R.L.;1414573;Kemet;C0402C102K5RACTU;MOUSER ELECTRONICS;80-C0402C102K5R;Kemet;C0402C102K5RACTU;RS COMPONENTS S.P.A.;147-566;;;;;;
13;1271;;5;C26 C33 C48 C59 C39;402;C;10pF;50V;5%;X7R;;;;Multilayer Ceramic Capacitor, 10pF, 50V, 5%, X7R, SMD, 0402;Kemet;04025A100DAT2A;FARNELL ITALIA S.R.L.;1327626;Kemet;04025A100DAT2A;RS COMPONENTS S.P.A.;698-3065;Kemet;04025A100DAT2A;MOUSER ELECTRONICS;581-04025A100DAT2A;;;;;;
14;1485;;4;C30 C35 C53 C54;7343;C;47uF;35V;10%;Tantalum;200mR;;125C;Tantalum Capacitor, 47uF, 35V, 10%, SMD, 7343, h.4.1mm;Avx;TPSE476K035R0200;RS COMPONENTS S.P.A.;548-0170;Avx;TPSE476K035R0200;FARNELL ITALIA S.R.L.;1135125;Avx;TPSE476K035R0200;MOUSER ELECTRONICS;581-TPSE476K035R0200;;;;;;
15;1681;;2;C112 C113;402;C;100nF;25V;10%;Y5V;;;;Multilayer Ceramic Capacitor, 100nF, 25V, 10%, Y5V, SMD, 0402;Murata;GRM155F51E104ZA01D;DIGI-KEY CORPORATION;490-3271-6-ND;Murata;GRM155F51E104ZA01D;MOUSER ELECTRONICS;81-GRM155F51E104ZA01;Murata;GRM155F51E104ZA01D;RS COMPONENTS S.P.A.;723-5174;TDK;C1005Y5V1E104Z;FARNELL ITALIA S.R.L.;1907264;;
16;1682;;11;C29 C34 C38 C40 C42 C51 C52 C60 C61 C63 C64;402;C;100pF;50V;10%;C0G;;;;Multilayer Ceramic Capacitor, 100pF, 50V, 10%, C0G, SMD, 0402;Murata;GRM1555C1H101JZ01D;DIGI-KEY CORPORATION;490-3458-6-ND;Murata;GRM1555C1H101JZ01D;MOUSER ELECTRONICS;81-GRM1555C1H101JZ1D;Murata;GRM1555C1H101JZ01D;FARNELL ITALIA S.R.L.;8819572;;;;;;
17;1684;;1;C76;402;C;330pF;50V;10%;X7R;;;;Multilayer Ceramic Capacitor, 330pF, 50V, 10%, X7R, SMD, 0402;TDK;C1005X7R1H331K;DIGI-KEY CORPORATION;445-4910-6-ND;TDK;C1005X7R1H331K;RS COMPONENTS S.P.A.;111-062;TDK;C1005X7R1H331K;FARNELL ITALIA S.R.L.;1844140;TDK;C1005X7R1H331K;MOUSER ELECTRONICS;810-C1005X7R1H331K;;
18;4036;;2;C6 C7;805;C;2.2uF;6.3V;10%;X5R;;;;Multilayer Ceramic Capacitor, 2.2uF, 6.3V, 10%, X5R, SMD, 0805;Multicomp;MCCA000533;FARNELL ITALIA S.R.L.;1759411RL;;;;;;;;;;;;;;
19;5107;;2;C36 C58;805;C;220nF;100V;10%;X7R;;;;Multilayer Ceramic Capacitor, 220nF,100V, 10%, X7R, SMD, 0805;Kemet;C0805X224K3RACTU;FARNELL ITALIA S.R.L.;1793829RL;Kemet;C0805X224K3RACTU;MOUSER ELECTRONICS;80-C0805C224K1R;Taiyo Yuden;HMK212B7224KG-T;RS COMPONENTS S.P.A.;758-0143;;;;;;
20;5108;;2;C37 C55;603;C;10nF;100V;10%;X7R;;;;Multilayer Ceramic Capacitor, 10nF, 100V, 10%, X7R, SMD, 0603;AVX;06031C103K4Z2A;FARNELL ITALIA S.R.L.;1301715;AVX;06031C103K4Z2A;FARNELL ITALIA S.R.L.;1301715;AVX;06031C103K4Z2A;MOUSER ELECTRONICS;581-06031C103K4Z2A;AVX;06031C103K4Z2A;FARNELL ITALIA S.R.L.;1301715;;
21;5109;;4;C31 C32 C56 C57;603;C;100nF;100V;10%;X7R;;;;Multilayer Ceramic Capacitor, 100nF, 100V, 10%, X7R, SMD, 0603;Murata;GRM188R72A104KA35D;FARNELL ITALIA S.R.L.;1828921RL;Murata;GRM188R72A104KA35D;MOUSER ELECTRONICS;81-GRM188R72A104KA35;;;;;;;;;;
22;6251;;2;CC2 CC3;508;C;100pF;50V;10%;C0G;;;;Capacitor Array 4x100pF, 50V, 10%, C0G, SMD, 0508;AVX;W2A45A101K4T2A;FARNELL ITALIA S.R.L.;1779477;AVX;W2A45A101K4T2A;RS COMPONENTS S.P.A.;697-3187;AVX;W2A45A101K4T2A;MOUSER ELECTRONICS;581-W2A41A101KAT2A;Phycomp;CA0508KRNPO9BN101;RS COMPONENTS S.P.A.;697-3187;AVX;W2A41A101KAT2A
P;IITCODE;N.M;QTY;REFDES;PACKAGE;CATEGORY;Value;Current;Impedence;Pieces_quoted;Prepared;;;Description;Manuf;Manuf Code;Supplier;Supplier Code;;;;;;;;;;;;;;
23;288;;1;P6;53261-0471;CO;53261-0471;1A;;;;;;PCB connector, Picoblade, 4 contacts, 1 row, male, p.1.25mm, 90°, w to b, lock, key, SMD;Molex;53261-0471;RS COMPONENTS S.P.A.;542-7113;Molex;53261-0471;FARNELL ITALIA S.R.L.;1125374;Molex;53261-0471;MOUSER ELECTRONICS;538-53261-0471;;;;;;
24;630;;2;P12 P13;53261-0571;CO;53261-0571;1A;;;;;;PCB connector, Picoblade, 5 contacts, 1 row, male, 1.25mm,  90°, w to b, nolock, key, SMD;Molex;53261-0571;FARNELL ITALIA S.R.L.;1125360;Molex;53261-0571;RS COMPONENTS S.P.A.;542-7270;;;;;;;;;;
25;631;;2;P10 P11;53261-0771;CO;53261-0771;1A;;;;;;PCB connector, Picoblade, 7 contacts, 1 row, male, 1.25mm,  90°, w to b, nolock, key, SMD;Molex;53261-0771;FARNELL ITALIA S.R.L.;1125361;;;;;;;;;;;;;;
26;1072;;4;P2 P3 P4 P5;53261-1071;CO;53261-1071;1A;;;;;;PCB connector, Picoblade, 10 contacts, 1 row, male, p.1.25mm, 90°, w to b, nolock, nokey, SMD;Molex;53261-1071;RS COMPONENTS S.P.A.;542-7179;;;;;;;;;;;;;;
27;1124;;2;P8 P9;53261-0671;CO;53261-0671;1A;;;;;;PCB connector, Picoblade, 6 contacts, 1 row, male, p.1.25mm,  90°, w to b, nolock, key, SMD;Molex;53261-0671;FARNELL ITALIA S.R.L.;1125375;Molex;53261-0671;RS COMPONENTS S.P.A.;542-7135;;;;;;;;;;
28;1126;;1;P1;501591-3011;CO;501591-3011;1A;;;;;;PCB connector, Slimstack 30 contacts, 2 rows, male, p.0.4mm, Straight, b to b, lock, nokey, SMD;Molex;501591-3011;DIGI-KEY Germany;WM24042-ND;Molex;501591-3011;DIGI-KEY Germany;501591-3011-ND;;;;;;;;;;
29;4870;;1;JP1;JP0402, JP0603, JP0805, JP1210;CO;PCB jumper;;;;;;;Solderable PCB jumper, two pads, normally open;;;;;;;;;;;;;;;;;;
30;5452;;1;P7;MOLEX87438-0543;CO;87438-0543;3A;;;M.M;;;HEADER, PICO-SPOX, 5 contacts, Right Angle;Molex;87438-0543;FARNELL ITALIA S.R.L.;1711330;;;;;;;;;;;;;;
P;IITCODE;N.M;QTY;REFDES;PACKAGE;CATEGORY;Value;Current;Pieces_quoted;Prepared;;;;Description;Manuf;Manuf Code;Supplier;Supplier Code;;;;;;;;;;;;;;
31;565;;1;D3;SOD123;DI;SS19L;1A;;;;;;Diode Schottky, Vrrm: 90V, If: 1A, Ifms: 30A, SMD, SOD123;Taiwan semiconductors;SS19L;FARNELL ITALIA S.R.L.;1559161;Taiwan semiconductors;SS19L;RS COMPONENTS S.P.A.;743-6015;;;;;;;;;;
32;1031;;2;D4 D5;DO214AC;DI;10MQ100N;2.1A;;;;;;Diode schottky, Vrrm: 100V, If: 2.1A, Ifms: 120A, SMD, DO214AC;International rectifier;10MQ100N;FARNELL ITALIA S.R.L.;8656916;;;;;;;;;;;;;;
33;1292;;2;D1 D2;SOT23;DI;BAV99;200mA;;;;;;Diode signal, Vrrm: 85V, If: 200mA, Pd: 330mW, SMD, SOT23;Infineon;BAV99;RS COMPONENTS S.P.A.;544-4859;Infineon;MMBD 7000 LT1;MOUSER ELECTRONICS;726-MMBD7000LT1;;;;;;;;;;
34;5325;;1;D6;SOD882D;DI;BAS16LD;215mA;;;;;;Diode high speed switching, Vrrm: 100V, If: 215mA, Ifms: 4A, SMD, SOD882D;NXP;BAS16LD;MOUSER ELECTRONICS;771-BAS16LD315;NXP;BAS16LD;FARNELL ITALIA S.R.L.;1859907;NXP;BAS16LD;DIGI-KEY Germany;568-5294-1-ND;;;;;;
P;IITCODE;N.M;QTY;REFDES;PACKAGE;CATEGORY;Value;Intensity;Led_color;Pieces_quoted;Prepared;;;Description;Manuf;Manuf Code;Supplier;Supplier Code;;;;;;;;;;;;;;
35;1653;;2;DL4 DL6;LED0603;DL;SML-511DWT86R;40mcd;Orange;;;;;Led diode, orange, 2V, 20mA, 40mcd, SMD, 0603;Rohm;SML-511DWT86R;FARNELL ITALIA S.R.L.;1685072;;;;;;;;;;;;;;
36;1654;;4;DL1 DL3 DL7 DL8;LED0603;DL;SML-512MWT86R;40mcd;Green;;;;;Led diode, green, 2V, 20mA, 40mcd, SMD, 0603;Rohm;SML-512MWT86R;FARNELL ITALIA S.R.L.;1685076;;;;;;;;;;;;;;
37;1656;;1;DL2;LED0603;DL;OVS-0606;350mcd;Yellow;;;;;Led diode, yellow, 2.5V, 30mA, 350mcd, SMD, 0603;Avago technologies;OVS-0606;FARNELL ITALIA S.R.L.;1716772;Multicomp;MCL-S290YC;FARNELL ITALIA S.R.L.;1581246;;;;;;;;;;
38;4230;;1;DL5;LED0603;DL;HSMR-C190;55mcd;Blue;;;;;Led diode, blue, 3.3V, 20mA, 55mcd, SMD, 0603;Avago technologies;HSMR-C190;DIGI-KEY CORPORATION;516-2502-1-ND;Avago technologies;HSMR-C190;FARNELL ITALIA S.R.L.;1652108;;;;;;;;;;
P;IITCODE;N.M;QTY;REFDES;PACKAGE;CATEGORY;Value;Supply_voltage;Tolerance;Pieces_quoted;Prepared;;;Description;Manuf;Manuf Code;Supplier;Supplier Code;;;;;;;;;;;;;;
39;241;;1;U11;SOT23-8;DR;MAX3051;3.3V;;;;;;CAN Transceiver, 3.3V, SMD, SOT23-8;Maxim;MAX3051EKA;DIGI-KEY CORPORATION;MAX3051EKA+T-ND;Maxim;MAX3051EKA;RS COMPONENTS S.P.A.;732-8992;Maxim;MAX3051EKA;MOUSER ELECTRONICS;700-MAX3051EKAT;;;;;;
40;1004;;1;U16;LFBGA100, KSZ8893MBL;DR;KSZ8893MBL;3.3V;;;;;;Ethernet switch, 10/100 Mb/s, 3 ports, 3.3V, SMD, LFBGA100;Micrel;KSZ8893MBL;DIGI-KEY CORPORATION;576-3090-ND;;;;;;;;;;;;;;
41;1328;;4;U12 U13 U14 U15;SSOP8, SN74LVC2T45;DR;SN74LVC2T45DCUT;3.6V;;;;;;Transceiver bus dual-bit, 3.6V, 50mA, max. input 3.6V, SMD, SSOP8;Texas Instruments;SN74LVC2T45DCUT;FARNELL ITALIA S.R.L.;9592768;;;;;;;;;;;;;;
42;5106;;2;U4 U7;VFQFPN7X7-48;DR;L6206Q;52V;;;MM;;;DMOS Full Bridge PWM Motor Driver 52V, 2.8A, SMD, QFN48;St microelectronics;L6206Q;MOUSER ELECTRONICS;511-L6206Q;St microelectronics;L6206Q;FARNELL ITALIA S.R.L.;2309396;;;;;;;;;;
P;IITCODE;N.M;QTY;REFDES;PACKAGE;CATEGORY;Value;Tolerance;Current;Voltage;Pieces_quoted;Prepared;;Description;Manuf;Manuf Code;Supplier;Supplier Code;;;;;;;;;;;;;;
43;545;;1;FL5;WE-SL1;FI;330uH@100KHz;+/-40%;300mA;80Vdc;;;;Common mode line filter, 330uH, 300mA, 80Vdc, SMD, 6.5x3.6mm;Wurth Elektronik;744212331;RS COMPONENTS S.P.A.;500-3199;;;;;;;;;;;;;;
44;5454;;1;FL4;805;FI;375R @100MHz;+/-25%;2A;-;;;;Ferrite bead, 2A, 350R @100MHz, SMD, 0805;Wurth Elektronic;742792037;FARNELL ITALIA S.R.L.;1800368RL;Wurth Elektronic;742792037;MOUSER ELECTRONICS;710-742792037;;;;;;;;;;
45;7010;;8;FL1 FL2 FL3 FL9 FL11 FL15 FL16 FL17;402;FI;120R@100MHz;+/-25%;500mA;-;;AM;;Ferrite bead, 500mA, 120R@100MHz, SMD, 0402;Murata;BLM15AG121SN1D;FARNELL ITALIA S.R.L.;1515760;;;;;;;;;;;;;;
46;10835;;2;FL10 FL14;BLA2A_1119_1;FI;600R @100MHz;+/-25%;100mA;-;;;;Ferrite beads array, 100mA, 600R @100MHz, SMD, 0804 (4x0402);Murata;BLA2ABD601SN4D;FARNELL ITALIA S.R.L.;1515796;Murata;BLA2ABD601SN4D;MOUSER ELECTRONICS;81-BLA2ABD601SN4D;;;;;;;;;;
P;IITCODE;N.M;QTY;REFDES;PACKAGE;CATEGORY;Inductance;Current;Tolerance;SRF;RMS;Prepared;;Description;Manuf;Manuf Code;Supplier;Supplier Code;;;;;;;;;;;;;;
47;1122;;1;L1;4p8x4p8;L;33uH;820mA;10%;16MHz;;;;Inductance, 33uH, 820mA, 10%, SMD, 4.8X4.8x2.8mm;Wurth Elektronic;744043330;DIGI-KEY CORPORATION;732-1108-1-ND;Wurth Elektronic;744043330;RS COMPONENTS S.P.A.;744-4763;Bourns;SRR4028-330Y;DIGI-KEY CORPORATION;SRR4028-330YCT-ND;;;;;;
48;1711;;1;L2;4p8X4p8;L;47uH;750mA;30%;13MHz;;;;Inductance, 47uH, 750mA, 30%, SMD, 4.8X4.8x2.8mm;Bourns;SRR4028-470Y;DIGI-KEY CORPORATION;SRR4028-470YCT-ND;Bourns;SRR4028-470Y;MOUSER ELECTRONICS;652-SRR4028-470Y;Wurth Elektronic;744043470;FARNELL ITALIA S.R.L.;1890607;;;;;;
P;IITCODE;N.M;QTY;REFDES;PACKAGE;CATEGORY;Value;Ranges;Tolerance;Pieces_quoted;Prepared;;;Description;Manuf;Manuf Code;Supplier;Supplier Code;;;;;;;;;;;;;;
49;12347;;1;HS;;MC;MPC151525T;;;;;;;heatsink, ceramic, 10.21 °C/W, 2 mm, 15 mm, 15 mm;AMEC THERMASOL;MPC151525T;FARNELL ITALIA S.R.L.;1892471;;;;;;;;;;;;;;
P;IITCODE;N.M;QTY;REFDES;PACKAGE;CATEGORY;Value;Memory_dimension;Pieces_quoted;Prepared;;;;Description;Manuf;Manuf Code;Supplier;Supplier Code;;;;;;;;;;;;;;
50;4125;;1;U2;TSSOP8;ME;AT24CM01-XHD-B;1Mbit;;;;;;EEPROM memory, 1Mbit, 1Mhz, 2.5/5.5V, SMD, TSSOP8;Atmel;AT24C1024B-TH25-B;DIGI-KEY CORPORATION;AT24C1024B-TH25-B-ND;Atmel;AT24C1024B-TH25-B;MOUSER ELECTRONICS;556-A24C1024BTH25-B;Atmel;AT24CM01-XHD-B;MOUSER ELECTRONICS;556-AT24CM01-XHD-B;Atmel;AT24CM01-XHD-B;DIGI-KEY CORPORATION;AT24CM01-XHD-TCT-ND;;
P;IITCODE;N.M;QTY;REFDES;PACKAGE;CATEGORY;Value;Ranges;Tolerance;Pieces_quoted;Prepared;;;Description;Manuf;Manuf Code;Supplier;Supplier Code;;;;;;;;;;;;;;
51;5111;;1;U1;UFBGA10X10-201;MI;STM32F407IGH6;32bit;;;;;;Microcontroller ARM Cortex-M4, 32Bits, 168MHz, 1024kB FLASH, 192kB SRAM, 1.8/3.6V, SMD, UFBGA10X10-201;St microelectronics;STM32F407IGH6;MOUSER ELECTRONICS;511-STM32F407IGH6;St microelectronics;STM32F407IGH6;RS COMPONENTS S.P.A.;746-8210;;;;;;;;;;
P;IITCODE;N.M;QTY;REFDES;PACKAGE;CATEGORY;Value;Load capacitance;Stability;Frequency;Pieces_quoted;Prepared;;Description;Manuf;Manuf Code;Supplier;Supplier Code;;;;;;;;;;;;;;
52;1226;;1;U18;S2;Q;S23305-50.000-X;-;50ppm;50MHz;;;;Oscillator, 50MHz, 3.3V, 50ppm, SMD, 2.5x2mm;Aker;S23305-50.000-X;RS COMPONENTS S.P.A.;671-9808;Kyocera;KC2520B50.0000C10E00;MOUSER ELECTRONICS;581-KC2520B50.0C10;;;;;;;;;;
P;IITCODE;N.M;QTY;REFDES;PACKAGE;CATEGORY;Resistance;Power;Tolerance;Stability;Voltage;Prepared;;Description;Manuf;Manuf Code;Supplier;Supplier Code;;;;;;;;;;;;;;
53;267;;1;R89;603;R;1K8;0.1W;1%;100ppm;;;;Resistor Thick Film, 1K8, 0.1W, 1%, SMD, 0603;Phycomp;2,3227E+11;FARNELL ITALIA S.R.L.;9238514;Phycomp;2,3227E+11;FARNELL ITALIA S.R.L.;RC0603FR-071K8L;;;;;;;;;;
54;808;;2;R81 R88;603;R;22K;0.1W;0.1%;25ppm;;;;Resistor Precision thin film, 22K, 0.1W, 0.1%, SMD, 0603;Panasonic;ERA3AEB223V;FARNELL ITALIA S.R.L.;1577624;;;;;;;;;;;;;;
55;1080;;4;FL6 FL7 R143 R144;402;R;0R;0.063W;1%;200ppm;;;;Resistor Thick film, 0R, 0.063W, 1%, SMD, 0402;Yageo;RC0402JR-070RL;FARNELL ITALIA S.R.L.;9232516;Yageo;RC0402JR-070RL;DIGI-KEY CORPORATION;311-0.0JRDKR-ND;;;;;;;;;;
56;1081;;8;R95 R96 R97 R98 R102 R103 R104 R105;402;R;49R9;0.063W;1%;200ppm;;;;Resistor Thick film, 49R9, 0.063W, 1%, SMD, 0402;Multicomp;MC 0.0625W 0402 1% 49R9;FARNELL ITALIA S.R.L.;1802906RL;Vishay;CRCW040249R9FKEDHP;RS COMPONENTS S.P.A.;812-1681;;;;;;;;;;
57;1084;;4;R121 R122 R123 R124;402;R;75R;0.063W;1%;100ppm;;;;Resistor Thick film, 75R, 0.063W, 1%, SMD, 0402;Vishay;CRCW040275R0FKED;FARNELL ITALIA S.R.L.;1469734RL;;;;;;;;;;;;;;
58;1085;;3;R27 R53 R125;402;R;100R;0.063W;1%;100ppm;;;;Resistor Thick film, 100R, 0.063W, 1%, SMD, 0402;Vishay;CRCW0402100RFKED;FARNELL ITALIA S.R.L.;1469672RL;;;;;;;;;;;;;;
59;1086;;1;R92;402;R;120R;0.063W;1%;100ppm;;;;Resistor Thick film, 120R, 0.063W, 1%, SMD, 0402;Yageo;RC0402FR-07120RL;FARNELL ITALIA S.R.L.;9239120;Yageo;RC0402FR-07120RL;DIGI-KEY CORPORATION;311-120LRDKR-ND;;;;;;;;;;
60;1100;;17;R82 R23 R24 R25 R26 R28 R32 R33 R51 R52 R54 R55 R58 R59 R108 R141 R142;402;R;1K;0.063W;1%;250ppm;;;;Resistor Thick film, 1K, 0.063W, 1%, SMD, 0402;Yageo;RC0402FR-071KL;FARNELL ITALIA S.R.L.;9239235;Vishay;CRCW04021K00FKED;FARNELL ITALIA S.R.L.;1469662RL;Vishay;CRCW04021K00FKED;MOUSER ELECTRONICS;603-RC0402FR-071KL;;;;;;
61;1104;;11;R12 R16 R18 R90 R91 R99 R112 R20 R31 R48 R57;402;R;1K8;0.063W;1%;200ppm;;;;Resistor Thick film, 1K8, 0.063W, 1%, SMD, 0402;Panasonic;ERJ2RKF1801X;FARNELL ITALIA S.R.L.;1748232;;;;;;;;;;;;;;
62;1105;;3;R78 R139 R140;402;R;2K2;0.063W;1%;250ppm;;;;Resistor Thick film, 2K2, 0.063W, 1%, SMD, 0402;Yageo;RC0402FR-072K2L;FARNELL ITALIA S.R.L.;9239278RL;;;;;;;;;;;;;;
63;1106;;1;R120;402;R;3K01;0.063W;1%;100ppm;;;;Resistor Thick film, 3K01, 0.063W, 1%, SMD, 0402;Vishay;CRCW04023K01FKED;FARNELL ITALIA S.R.L.;1151124;;;;;;;;;;;;;;
64;1107;;27;R7 R8 R9 R10 R11 R13 R14 R15 R17 R19 R46 R47 R73 R74 R75 R76 R128 R129 R130 R131 R132 R133 R134 R135 R136 R137 R138;402;R;4K7;0.063W;1%;100ppm;;;;Resistor Thick film, 4K7, 0.063W, 1%, SMD, 0402;Vishay;CRCW04024K70FKED;FARNELL ITALIA S.R.L.;1469712RL;;;;;;;;;;;;;;
65;1109;;12;R6 R36 R39 R63 R68 R93 R94 R109 R110 R119 R126 R127;402;R;10K;0.063W;1%;250ppm;;;;Resistor Thick film, 10K, 0.063W, 1%, SMD, 0402;Yageo;RC0402FR-0710KL;FARNELL ITALIA S.R.L.;9239359RL;Yageo;RC0402FR-0710KL;MOUSER ELECTRONICS;603-RC0402FR-0710KL;;;;;;;;;;
66;1112;;5;R1 R42 R43 R69 R70;402;R;22K;0.063W;1%;250ppm;;;;Resistor Thick film, 22K, 0.063W, 1%, SMD, 0402;Yageo;RC0402FR-0722KL;FARNELL ITALIA S.R.L.;9239391RL;;;;;;;;;;;;;;
67;1113;;6;R2 R5 R44 R45 R71 R72;402;R;33K;0.063W;1%;250ppm;;;;Resistor Thick film, 33K, 0.063W, 1%, SMD, 0402;Yageo;RC0402FR-0733KL;FARNELL ITALIA S.R.L.;9239413RL;;;;;;;;;;;;;;
68;1114;;1;R77;402;R;68K;0.063W;1%;250ppm;;;;Resistor Thick film, 68K, 0.063W, 1%, SMD, 0402;Yageo;RC0402FR-0768K;FARNELL ITALIA S.R.L.;9239456RL;;;;;;;;;;;;;;
69;1116;;2;RR4 RR5;YC124;R;2K2;0.063W;5%;200ppm;;;;Resistor Array, 4x2K2, 0.063W,1%, SMD, YC124;Yageo;YC124-JR-072K2L;FARNELL ITALIA S.R.L.;9235388;;;;;;;;;;;;;;
70;1581;;4;R21 R34 R49 R61;402;R;3K3;0.063W;1%;250ppm;;;;Resistor Thick film, 3K3, 0.063W, 1%, SMD, 0402;Yageo;RC0402FR-073K3L;FARNELL ITALIA S.R.L.;9239294;;;;;;;;;;;;;;
71;1698;;1;R83;402;R;1K3;0.063W;1%;100ppm;;;;Resistor Thick film, 1K3, 0.063W, 1%, SMD, 0402;Vishay;CRCW04021K30FKED;DIGI-KEY CORPORATION;541-1.30KLDKR-ND;;;;;;;;;;;;;;
72;1704;;1;R79;402;R;12K;0.063W;1%;200ppm;;;;Resistor Thick film, 12K, 0.063W, 1%, SMD, 0402;Vishay;CRCW040212K0FKED;DIGI-KEY CORPORATION;541-12.0KLDKR-ND;Vishay;CRCW040212K0FKED;FARNELL ITALIA S.R.L.;2140866RL;;;;;;;;;;
73;3174;;2;R3 R4;402;R;330K;0.063W;1%;100ppm;;;;Resistor Thick film, 330K, 0.063W, 1%, SMD, 0402;Multicomp;MC 0.0625W 0402 1% 330K;FARNELL ITALIA S.R.L.;1358109RL;;;;;;;;;;;;;;
74;3468;;1;R85;603;R;5K6;0.063W;1%;100ppm;;;;Resistor Thick film, 5K6, 0.063W, 1%, SMD, 0603;Multicomp;MC 0.063W 0603 1% 5K6;FARNELL ITALIA S.R.L.;9331352;Multicomp;MC 0.063W 0603 1% 5K6;FARNELL ITALIA S.R.L.;9331352RL;;;;;;;;;;
75;3578;;2;R80 R87;603;R;18K;0.063W;1%;100ppm;;;;Resistor Thick film, 18K, 0.063W, 1%, SMD, 0603;Multicomp;MC 0.063W 0603 1% 18K;FARNELL ITALIA S.R.L.;9330720;Multicomp;MC 0.063W 0603 1% 18K;FARNELL ITALIA S.R.L.;9330720RL;;;;;;;;;;
76;4001;;4;R35 R38 R62 R65;402;R;100K;0.063W;1%;250ppm;;;;Resistor Thick film, 100K, 0.063W, 1%, SMD, 0402;Yageo;RC0402FR-07100KL;FARNELL ITALIA S.R.L.;9239472RL;;;;;;;;;;;;;;
77;5453;;4;R22 R29 R50 R56;1206-KELVIN, 1206-KELVING;R;50mR;0.5W;0.5%;50ppm;;;;Resistor Thick film, 50mR, 0.5W, 0.5%, SMD, 1206 KELVIN;Ohmite;LVK12R050DER;FARNELL ITALIA S.R.L.;1462296RL;Vishay;WSK1206R0500FEA18;DIGI-KEY Germany;541-2753-1-ND;;;;;;;;;;
P;IITCODE;N.M;QTY;REFDES;PACKAGE;CATEGORY;Value;Supply_voltage;Pieces_quoted;Prepared;;;;Description;Manuf;Manuf Code;Supplier;Supplier Code;;;;;;;;;;;;;;
78;1008;;2;U9 U10;HTSSOP16;RG;LM5575MH;6V/75V;;;;;;Voltage regulator, switching, step-down, Vin 6/75V, Vout 1.225V, 1.5A, SMD, HTSSOP16;National Semiconductor;LM5575MH;FARNELL ITALIA S.R.L.;1325420;;;;;;;;;;;;;;
P;IITCODE;N.M;QTY;REFDES;PACKAGE;CATEGORY;Value;Inductance;Turns_ratio;SFR;Current;Pieces_quoted;Prepared;Description;Manuf;Manuf Code;Supplier;Supplier Code;;;;;;;;;;;;;;
79;5110;;1;U17;H1270NL;TS;H1270NL;2/200MHz;;;;;M.M;Transformer LAN, 10/100 base-tx dual port, 2/200MHz, p.1.27mm, SMD;Pulse;H1270NL;MOUSER ELECTRONICS;673-H1270NL;Pulse;H1270FNL;MOUSER ELECTRONICS;673-H1270FNL;;;;;;;;;;
P;IITCODE;N.M;QTY;REFDES;PACKAGE;CATEGORY;Value;Current;Impedence;Pieces_quoted;Prepared;;;Description;Manuf;Manuf Code;Supplier;Supplier Code;;;;;;;;;;;;;;
80;3581;X;9;TP1 TP2 TP3 TP4 TP5 TP6 TP7 TP8 TP9;SMOXM, TP-SMOXML;CO;SMOX/060/B1 GOLD;3A;;;;;;Test point SMOX, male, SMD, 1.5x1.5mm H=2mm;Oxley;SMOX/060/B1 GOLD;FARNELL ITALIA S.R.L.;1573280;;;;;;;;;;;;;;
81;4875;X;8;1 2 3 4 5 6 7 8;NODEK;CO;;;;;;;;PCB equipotential node, 3 terminal;;;;;;;;;;;;;;;;;;
P;IITCODE;N.M;QTY;REFDES;PACKAGE;CATEGORY;Value;;;;;;;Description;Manuf;Manuf Code;Supplier;Supplier Code;;;;;;;;;;;;;;
82;4268;X;3;H1 H2 H3;MH25;FAST;M2.5 Metallized hole;;;;;;;PCB hole, metallized, for M2.5 thread;;;;;;;;;;;;;;;;;;
P;IITCODE;N.M;QTY;REFDES;PACKAGE;CATEGORY;Value;Tolerance;Current;Voltage;Pieces_quoted;Prepared;;Description;Manuf;Manuf Code;Supplier;Supplier Code;;;;;;;;;;;;;;
83;1118;X;1;FL8;402;FI;600R @100MHz;+/-25%;300mA;-;;;;Ferrite bead, 300mA, 600R @100MHz, SMD, 0402;Murata;BLM15AG601SN1D;FARNELL ITALIA S.R.L.;1515762;;;;;;;;;;;;;;
P;IITCODE;N.M;QTY;REFDES;PACKAGE;CATEGORY;Value;Ranges;Tolerance;Pieces_quoted;Prepared;;;Description;Manuf;Manuf Code;Supplier;Supplier Code;;;;;;;;;;;;;;
84;5456.1;X;1;PCB1;;PCB;MC4-PLUS_01;;;0;M.M;;;MC4-PLUS - Printed circuit board, controller and power driver for 4 DC motors with Cortex-M4;IIT;5456;ALTEC ELETTRONICA S.n.c.;Prototipi;;;;;;;;;;;;;;
P;IITCODE;N.M;QTY;REFDES;PACKAGE;CATEGORY;Resistance;Power;Tolerance;Stability;Voltage;Prepared;;Description;Manuf;Manuf Code;Supplier;Supplier Code;;;;;;;;;;;;;;
85;1080;X;11;R100 R101 R106 R107 R111 R113 R114 R115 R116 R117 R118;402;R;0R;0.063W;1%;200ppm;;;;Resistor Thick film, 0R, 0.063W, 1%, SMD, 0402;Yageo;RC0402JR-070RL;FARNELL ITALIA S.R.L.;9232516;Yageo;RC0402JR-070RL;DIGI-KEY CORPORATION;311-0.0JRDKR-ND;;;;;;;;;;
86;1107;X;8;R30 R37 R40 R41 R60 R64 R66 R67;402;R;4K7;0.063W;1%;100ppm;;;;Resistor Thick film, 4K7, 0.063W, 1%, SMD, 0402;Vishay;CRCW04024K70FKED;FARNELL ITALIA S.R.L.;1469712RL;;;;;;;;;;;;;;
87;1114;X;1;R84;402;R;68K;0.063W;1%;250ppm;;;;Resistor Thick film, 68K, 0.063W, 1%, SMD, 0402;Yageo;RC0402FR-0768K;FARNELL ITALIA S.R.L.;9239456RL;;;;;;;;;;;;;;
88;1704;X;1;R86;402;R;12K;0.063W;1%;200ppm;;;;Resistor Thick film, 12K, 0.063W, 1%, SMD, 0402;Vishay;CRCW040212K0FKED;DIGI-KEY CORPORATION;541-12.0KLDKR-ND;Vishay;CRCW040212K0FKED;FARNELL ITALIA S.R.L.;2140866RL;;;;;;;;;;
