P;IITCODE;N.M;QTY;REFDES;PACKAGE;CATEGORY;Voltage;Capacity;Technology;Value;Pieces_quoted;Prepared;;Description;Manuf;Manuf Code;Supplier;Supplier Code
1;11029;;1,00;U17;CR12_XX_SMD;BA;;;1xCR1220/CR1216 battery;3000;;;;Positive terminal for PCB round battery holder, 1xCR1220/CR1216 battery, SMD;Keystone;3000;RS COMPONENTS S.P.A.;219-7926;Keystone;3000;FARNELL ITALIA S.R.L.;1650692;Keystone;3000;MOUSER ELECTRONICS;534-3000;Keystone;3000;DIGI-KEY CORPORATION;36-3000-ND;
P;IITCODE;N.M;QTY;REFDES;PACKAGE;CATEGORY;Capacitance;Voltage;Tolerance;Dielectric;ESR;Rated RMS current;Temp;Description;Manuf;Manuf Code;Supplier;Supplier Code
2;253;;18,00;C1 C2 C3 C4 C5 C6 C7 C8 C9 C10 C11 C12 C13 C14 C15 C16 C17 C18;0805;C;10uF;16V;10%;X5R;;;;Multilayer Ceramic Capacitor, 10uF, 16V, 10%, X5R, SMD, 0805;Kemet;C0805C106K4PAC;FARNELL ITALIA S.R.L.;1288204;Kemet;C0805C106K4PAC;RS COMPONENTS S.P.A.;691-1161;Kemet;C0805C106K4PAC;MOUSER ELECTRONICS;80-C0805C106K4P;
3;1035;;68,00;C22 C23 C24 C25 C26 C27 C28 C29 C30 C31 C32 C33 C34 C35 C36 C37 C38 C39 C40 C41 C42 C43 C44 C45 C46 C47 C48 C49 C50 C51 C52 C53 C54 C55 C56 C57 C58 C59 C60 C61 C62 C63 C64 C65 C66 C67 C68 C69 C70 C71 C72 C73 C74 C75 C76 C77 C78 C79 C80 C81 C82 C83 C84 C85 C86 C87 C88 C89;0402;C;100nF;16V;10%;X7R;;;;Multilayer Ceramic Capacitor, 100nF, 16V, 10%, X7R, SMD, 0402;Yageo;C0402KRX7R7BB104;FARNELL ITALIA S.R.L.;9402047;Yageo;C0402KRX7R7BB104;RS COMPONENTS S.P.A.;616-9701;Kemet;C0402C104K4RAC-TU;FARNELL ITALIA S.R.L.;1288252;Kemet;C0402C104K4RAC-TU;MOUSER ELECTRONICS;80-C0402C104K4R;
4;1036;;2,00;C152 C153;0402;C;100pF;50V;5%;C0G;;;;Multilayer Ceramic Capacitor, 100pF, 50V, 5%, C0G, SMD, 0402;Yageo;CC0402JRNPO9BN101;FARNELL ITALIA S.R.L.;3019226;Yageo;CC0402JRNPO9BN101;RS COMPONENTS S.P.A.;435-1497;Yageo;CC0402JRNPO9BN101;MOUSER ELECTRONICS;603-CC402JRNPO9BN101;
5;1074;;2,00;C149 C150;0402;C;12pF;50V;5%;C0G;;;;Multilayer Ceramic Capacitor, 12pF, 50V, 5%, C0G, SMD, 0402;Kemet;C0402C120J5GACTU;FARNELL ITALIA S.R.L.;1414576RL;Kemet;C0402C120J5GACTU;MOUSER ELECTRONICS;80-C0402C120J5G;
6;1075;;4,00;C126 C127 C128 C129;0402;C;10nF;50V;10%;X7R;;;;Multilayer Ceramic Capacitor, 10nF, 50V, 10%, X7R, SMD, 0402;Kemet;C0402C103K5RAC-TU;FARNELL ITALIA S.R.L.;1650808;Kemet;C0402C103K5RAC-TU;FARNELL ITALIA S.R.L.;1414575RL;Kemet;C0402C103K5RAC-TU;MOUSER ELECTRONICS;80-C0402C103K5R;Kemet;C0402C103K5RAC7867;RS COMPONENTS S.P.A.;147-752;
7;1237;;2,00;C142 C143;0402;C;1nF;50V;10%;X7R;;;;Multilayer Ceramic Capacitor, 1nF, 50V, 10%, X7R, SMD, 0402;Kemet;C0402C102K5RACTU;FARNELL ITALIA S.R.L.;1414573;Kemet;C0402C102K5RACTU;MOUSER ELECTRONICS;80-C0402C102K5R;Kemet;C0402C102K5RACTU;RS COMPONENTS S.P.A.;147-566;
8;1293;;2,00;C19 C20;0603;C;1uF;16V;10%;X7R;;;;Multilayer Ceramic Capacitor, 1uF, 16V, 10%, X7R, SMD, 0603;Yageo;CC0603KRX7R7BB105;FARNELL ITALIA S.R.L.;1458900;Yageo;CC0603KRX7R7BB105;MOUSER ELECTRONICS;603-CC603KRX7R7BB105;Yageo;CC0603KRX7R7BB105;FARNELL ITALIA S.R.L.;1458900RL;Murata;GRM188R71C105KA12D;RS COMPONENTS S.P.A.;723-5613;
9;1485;;4,00;C144 C145 C146 C147;7343;C;47uF;35V;10%;Tantalum;200mR;;125C;Tantalum Capacitor, 47uF, 35V, 10%, SMD, 7343, h.4.1mm;Avx;TPSE476K035R0200;RS COMPONENTS S.P.A.;548-0170;Avx;TPSE476K035R0200;FARNELL ITALIA S.R.L.;1135125;Avx;TPSE476K035R0200;MOUSER ELECTRONICS;581-TPSE476K035R0200;
10;1681;;12,00;C130 C131 C132 C133 C134 C135 C136 C137 C138 C139 C140 C141;0402;C;100nF;25V;10%;Y5V;;;;Multilayer Ceramic Capacitor, 100nF, 25V, 10%, Y5V, SMD, 0402;Murata;GRM155F51E104ZA01D;DIGI-KEY CORPORATION;490-3271-6-ND;Murata;GRM155F51E104ZA01D;MOUSER ELECTRONICS;81-GRM155F51E104ZA01;Murata;GRM155F51E104ZA01D;RS COMPONENTS S.P.A.;723-5174;TDK;C1005Y5V1E104Z;FARNELL ITALIA S.R.L.;1907264;
11;5109;;1,00;C21;0603;C;100nF;100V;10%;X7R;;;;Multilayer Ceramic Capacitor, 100nF, 100V, 10%, X7R, SMD, 0603;Murata;GRM188R72A104KA35D;FARNELL ITALIA S.R.L.;1828921RL;Murata;GRM188R72A104KA35D;MOUSER ELECTRONICS;81-GRM188R72A104KA35;
12;6662;;1,00;C157;0402;C;220nF;16V;10%;X7R;;;;Multilayer Ceramic Capacitor, 220nF, 16V, 10%, X7R, SMD, 0402;TDK;C1005X7R1C224K050BC;FARNELL ITALIA S.R.L.;2346888;TDK;C1005X7R1C224K050BC;MOUSER ELECTRONICS;810-C1005X7R1C224K;
13;7123;;1,00;C155;0402;C;1nF;50V;5%;C0G;;;;Multilayer Ceramic Capacitor, 1nF, 50V, 5%, C0G, SMD, 0402;Kemet;C0402C102J5GACTU;FARNELL ITALIA S.R.L.;1535558;Kemet;C0402C102J5GACTU;RS COMPONENTS S.P.A.;801-5182;
14;7133;;1,00;C154;0402;C;33pF;50V;5%;C0G;;;;Multilayer Ceramic Capacitor, 33pF, 50V, 5%, C0G, SMD, 0402;Murata;GRM1555C1H330JA01D;FARNELL ITALIA S.R.L.;2434643;Murata;GRM1555C1H330JA01D;DIGI-KEY CORPORATION;490-5936-1-ND;Murata;GRM1555C1H330JA01D;MOUSER ELECTRONICS;81-GRM1555C1H330JA1D;Murata;GRM1555C1H330JA01D;Avnet EMG Italy Srl;GRM1555C1H330JA01D;
15;10001;;36,00;C90 C91 C92 C93 C94 C95 C96 C97 C98 C99 C100 C101 C102 C103 C104 C105 C106 C107 C108 C109 C110 C111 C112 C113 C114 C115 C116 C117 C118 C119 C120 C121 C122 C123 C124 C125;0402;C;1uF;16V;10%;X5R;;;;Multilayer Ceramic Capacitor, 1uF, 16V, 10%, X5R, SMD, 0402;TDK;C1005X5R1C105K050BC;FARNELL ITALIA S.R.L.;2112701;Murata;GRM155R61C105KE01D;FARNELL ITALIA S.R.L.;2611905;
16;10689;;1,00;C151;0402;C;6.8nF;50V;5%;X7R;;;;Multilayer Ceramic Capacitor, 6.8nF, 50V, 5%, X7R, SMD, 0402;Kemet;C0402C682K5RACTU;FARNELL ITALIA S.R.L.;1414597;
17;10690;;1,00;C148;0603;C;120nF;50V;10%;X7R;;;;Multilayer Ceramic Capacitor, 120nF, 50V, 10%, X7R, SMD, 0603;Kemet;C0603C124K5RACTU;FARNELL ITALIA S.R.L.;1793828;
18;15175;;1,00;C156;0402;C;4.7nF;50V;5%;X7R;;;;Multilayer Ceramic Capacitor, 4.7nF, 50V, 5%, X7R, SMD, 0402;Murata;GRM155R71H472JA01D;FARNELL ITALIA S.R.L.;3581361;Murata;GRM155R71H472JA01D;MOUSER ELECTRONICS;81-GRM155R71H472JA1D;
P;IITCODE;N.M;QTY;REFDES;PACKAGE;CATEGORY;Value;Current;Impedence;Pieces_quoted;Prepared;;;Description;Manuf;Manuf Code;Supplier;Supplier Code
19;10364;;10,00;J9 J10 J11 J12 J13 J14 J15 J16 J17 J18;TP-0603;CO;S2761-46R;;;;;;;Test point, SMD,  0603;Harwin;S2761-46R;MOUSER ELECTRONICS;855-S2761-46R;
20;10968;;1,00;J21;503398-1892;CO;503398-1892;0.5A;;;;;;PCB connector, Micro SD Push-push, 8 contacts, 1 row, female, p.1.1mm, 90°, w to b, lock, key;Molex;503398-1892;FARNELL ITALIA S.R.L.;2358234;Molex;503398-1892;RS COMPONENTS S.P.A.;880-1277;Molex;503398-1892;MOUSER ELECTRONICS;538-503398-1892;Molex;503398-1892;DIGI-KEY CORPORATION;WM11190DKR-ND;
21;11055;;6,00;J22 J23 J24 J25 J26 J27;20525-030E-02C;CO;20525-030E-02C;?;;;;;;PCB connector, I-PEX 30 contacts, Receptacles, 1 rows, p.0.4mm, Straight, w to b, lock, nokey, SMD;I-PEX;20525-030E-02;2 CA;da acquistare presso https://www.chip1stop.com;
22;11145;;5,00;J4 J5 J6 J7 J8;504050-0491;CO;504050-0491;3A;;;;;;PCB connector, Pico-Lock, 4 contacts, 1 row, male, p.1.5mm, 90°, w to b, lock, key, SMD;Molex;504050-0491;FARNELL ITALIA S.R.L.;2392592;
23;13613;;1,00;J3;47346-1001;CO;47346-1001;1.8A;;;;;;PCB connector, microUSB type B, 5 contact, socket, 90°, w to b, without flanges, SMD;Molex;47346-1001;FARNELL ITALIA S.R.L.;2782045;
24;13883;;2,00;J31 J32;FX10A-168P-SV;CO;FX10A-168P-SV(93);;;;;;;PCB connector, FX10, 168 contacts, 2 rows, header, p. 0.5 mm, Straight, b to b, lock, key, SMD;Hirose;FX10A-168P-SV(93);FARNELL ITALIA S.R.L.;2498741;
25;14806;;2,00;J1 J2;DF20F-10DP-1V;CO;DF20F-10DP-1V(56);0.5A;;;;;;PCB connector, DF20, 10 contacts, 2 rows, male, p.1 mm, Straight, b to b, lock, key, SMD;Hirose;DF20F-10DP-1V(56);MOUSER ELECTRONICS;798-DF20F-10DP-1V56;
26;15047;;1,00;J34;1054500101;CO;;5 A;;;;;;USB socket, Type C, USB3.1, Gen 2, SMD, Molex 24 Pin;Molex;1054500101;MOUSER ELECTRONICS;538-105450-0101;
27;15151;;1,00;J33;98424G5210LF;CO;98424-G52-10;;;;;;;PCB connector, Minitek, 10 contacts, 2 row, male, p.2mm, Straight, w to b, nolock, key, SMD;Amphenol;98424-G52-10LF;MOUSER ELECTRONICS;649-98424-G52-10LF;Amphenol;98424-G52-10LF;FARNELL ITALIA S.R.L.;1623788;
28;15164;;3,00;J28 J29 J30;FTSH103-01-L-DV;CO;FTSH103-01-L-DV;1A;;;MB;;;PCB connector, SAMTEC FTSH-103-01-L-DV, 6 contacts, 2 rows, p.1.27mm, b to flat, SMD, straight;Samtec;SAMTEC-FTSH-103-01-L-DV;FARNELL ITALIA S.R.L.;2504996;
29;15187;;1,00;J35;DF40HC-20DS-04V;CO;DF40HC(3.5)-20DS-0.4V(51);0.5A;;;;;;PCB connector, DF40, 20 contacts, 2 rows, receptacle, p.1 mm, Straight, b to b, lock, key, SMD;Hirose;DF40HC(3.5)-20DS-0.4V(51);RS COMPONENTS S.P.A.;136-2443;
P;IITCODE;N.M;QTY;REFDES;PACKAGE;CATEGORY;Value;Ranges;Tolerance;Pieces_quoted;Prepared;;;Description;Manuf;Manuf Code;Supplier;Supplier Code
30;15143;;1,00;U2;QFN3X3-20;CT;CP2102N-A02-GQFN20R;3.3V;;;AM;;;USB Interface IC USBXpress - USB to UART Bridge, SMD, QFN3X3-20;Silicon Labs;CP2102N-A02-GQFN20R;FARNELL ITALIA S.R.L.;3387001;Silicon Labs;CP2102N-A02-GQFN20R;MOUSER ELECTRONICS;634-CP2102NA02QFN20R;
P;IITCODE;N.M;QTY;REFDES;PACKAGE;CATEGORY;Value;Power;Tolerance;Pieces_quoted;Prepared;;;Description;Manuf;Manuf Code;Supplier;Supplier Code
31;12775;;1,00;U1;LGA6X6-25;DC;LTM4622AEV;-;-;;;;;Not insulated, DC/DC Converter, Vin 3.6/20V, Vout ADJ 0.6/2.5V, SMD, LGA6X6-25;Linear Technology;LTM4622AEV#PBF;FARNELL ITALIA S.R.L.;2769471;
P;IITCODE;N.M;QTY;REFDES;PACKAGE;CATEGORY;Value;Current;Pieces_quoted;Prepared;;;;Description;Manuf;Manuf Code;Supplier;Supplier Code
32;1033;;4,00;D3 D4 D5 D6;SOT23-6;DI;DVIULC6-4SC6;0.5uA;;;;;;Diode ESD protection, Vbr: 6V, Vpp: 1.5kV, Irm: 0.5uA, SMD, SOT23-6;St microelectronics;DVIULC6-4SC6;FARNELL ITALIA S.R.L.;1751961;St microelectronics;DVIULC6-4SC6;RS COMPONENTS S.P.A.;624-7637;
33;1559;;2,00;D1 D2;DO214AB;DI;MBRS360T3G;3A;;;;;;Diode schottky, Vrrm: 60V, If: 3A, Ifms: 80A, SMD, DO214AB;On semiconductor;MBRS360T3G;FARNELL ITALIA S.R.L.;9556940;
34;14659;;2,00;D7 D8;SOT23-6;DI;SP3012-04HTG;1.5uA;;;;;;Diode ESD protection (x USB3), Vbr: 6V, Vpp: 12kV/air-25kV/cont, Irm: 1.5uA, SMD, SOT23-6;Littlefuse;SP3012-04HTG;MOUSER ELECTRONICS;576-SP3012-04HTG;
P;IITCODE;N.M;QTY;REFDES;PACKAGE;CATEGORY;Value;Intensity;Led_color;Pieces_quoted;Prepared;;;Description;Manuf;Manuf Code;Supplier;Supplier Code
35;1654;;2,00;DL5 DL6;LED0603;DL;SML-512MWT86R;40mcd;Green;;;;;Led diode, green, 2V, 20mA, 40mcd, SMD, 0603;Rohm;SML-512MWT86R;FARNELL ITALIA S.R.L.;1685076;
36;1656;;2,00;DL7 DL8;LED0603;DL;OVS-0606;350mcd;Yellow;;;;;Led diode, yellow, 2.5V, 30mA, 350mcd, SMD, 0603;Avago technologies;OVS-0606;FARNELL ITALIA S.R.L.;1716772;Multicomp;MCL-S290YC;FARNELL ITALIA S.R.L.;1581246;
37;13099;;1,00;DL4;LED0402;DL;SML-P11UTT86R;2.5mcd;Red;;;;;Led diode, red, 1.8V, 1mA, 2.5mcd, SMD, 0402;Rohm;SML-P11UTT86R;MOUSER ELECTRONICS;755-SML-P11UTT86R;
38;13100;;1,00;DL9;LED0402;DL;SML-P11DTT86R;7.3mcd;Orange;;;;;Led diode, orange, 1.9V, 1mA, 7.3mcd, SMD, 0402;Rohm;SML-P11DTT86R;MOUSER ELECTRONICS;755-SML-P11DTT86R;
39;13102;;3,00;DL1 DL2 DL3;LED0402;DL;SML-P11MTT86R;2.1mcd;Green;;;;;Led diode, green, 1.9V, 1mA, 2.1mcd, SMD, 0402;Rohm;SML-P11MTT86R;MOUSER ELECTRONICS;755-SML-P11MTT86R;
P;IITCODE;N.M;QTY;REFDES;PACKAGE;CATEGORY;Value;Supply_voltage;Tolerance;Pieces_quoted;Prepared;;;Description;Manuf;Manuf Code;Supplier;Supplier Code
40;11993;;2,00;U14 U15;SOT23-8;DR;TCAN334DCNT;3.3V;;;;;;CAN Transceiver, 3.3V, SMD, SOT23-8;Texas Instruments;TCAN334DCNT;FARNELL ITALIA S.R.L.;2611230;Texas Instruments;TCAN334DCNT;MOUSER ELECTRONICS;11993 595-TCAN334DCNT;
41;13962;;4,00;U7 U8 U9 U10;X2QFN12;DR;PTN36221AHXZ;1.8V;;;AM;;;USB interface, Redriver USB Superspeed, USB 3.0, 1.8V, X2QFN12;NXP;PTN36221AHXZ;FARNELL ITALIA S.R.L.;2890566;
42;14035;;3,00;U4 U5 U6;PVQFN16;DR;SN74AVCH4T245RGYR;1.2/3.6V;;;;;;4-Bit Dual-Supply Bus Transceiver With Configurable Level-Shifting, Voltage Translation, and 3-State Outputs;Texas Instruments;SN74AVCH4T245RGYR;MOUSER ELECTRONICS;595-SN74AVCH4T245RGY;
43;15145;;1,00;U18;SC70-5;DR;MAX6741XKTGD3+T;;;;;;;Supervisory Circuits Low-Power Dual-/Triple-Voltage, SMD, SC70-5;Maxim;MAX6741XKTGD3+T;MOUSER ELECTRONICS;700-MAX6741XKTGD3T;
P;IITCODE;N.M;QTY;REFDES;PACKAGE;CATEGORY;Value;;;;;;;Description;Manuf;Manuf Code;Supplier;Supplier Code
44;15233;;4,00;MEC1 MEC2 MEC3 MEC4;MH_PEM_M3_3;FAST;PEM_SMTSO-M3-3ET;;;;;;;PEM Surface Mount Nuts and Spacers/Standoffs - Type SMTSO, M3;Penn Engineering;SMTSO-M25-3ET;TAG CONTROL S.R.L.;SMTSO-M25-3ET;Penn Engineering;SMTSO-M25-3ET;MOUSER ELECTRONICS;SMTSO-M25-3ET;
P;IITCODE;N.M;QTY;REFDES;PACKAGE;CATEGORY;Value;Tolerance;Current;Voltage;Pieces_quoted;Prepared;;Description;Manuf;Manuf Code;Supplier;Supplier Code
45;7010;;4,00;FL8 FL9 FL12 FL13;0402;FI;120R@100MHz;+/-25%;500mA;-;;AM;;Ferrite bead, 500mA, 120R@100MHz, SMD, 0402;Murata;BLM15AG121SN1D;FARNELL ITALIA S.R.L.;1515760;
46;7254;;5,00;FL14 FL15 FL16 FL17 FL18;0805;FI;220R@100MHz;+/-25%;2A;-;;AM;;Ferrite bead, 2A, 220R@100MHz, SMD, 0805;Murata;BLM21PG221SN1D;FARNELL ITALIA S.R.L.;1515661;
47;12014;;2,00;FL19 FL20;BOURNS-CNSW;FI;180R@100MHz;+/-25%;300mA;50Vdc;;;;Common mode choke, 180R, 300mA, 50Vdc, SMD, 2x1.2mm;Bourns;SRF2012A-181YA;MOUSER ELECTRONICS;652-SRF2012A-181YA;
48;13961;;6,00;FL2 FL3 FL4 FL5 FL6 FL7;MU-DLP11T;FI;80R@100MHz;+/-25%;100mA;12.5Vdc;;;;Common mode choke, 80R, 100mA, 12.5Vdc, SMD, 1.25x1.0x0.3mm;Murata;DLP11TB800UL2L;FARNELL ITALIA S.R.L.;2840094;
P;IITCODE;N.M;QTY;REFDES;PACKAGE;CATEGORY;Value;Type;Pieces_quoted;Prepared;;;;Description;Manuf;Manuf Code;Supplier;Supplier Code
49;14660;;2,00;F1 F2;PTC_1210;FU;4A;PTC;;;;;;PTC resettable fuse, I trip 4A, I hold 2A, SMD, 1210;Littlefuse;1210L200SLYR;MOUSER ELECTRONICS;576-1210L200SLYR;
P;IITCODE;N.M;QTY;REFDES;PACKAGE;CATEGORY;Value;Memory_dimension;Pieces_quoted;Prepared;;;;Description;Manuf;Manuf Code;Supplier;Supplier Code
50;7054;;1,00;U3;DFN8;ME;24LC256;256kbit;;AM;;;;EEPROM memory, 256kbit, 400kHz, 2.5/5.5V, SMD, DFN8;Microchip;24LC256-I/MF;MOUSER ELECTRONICS;579-24LC256-I/MF;
P;IITCODE;N.M;QTY;REFDES;PACKAGE;CATEGORY;Value;Ranges;Tolerance;Pieces_quoted;Prepared;;;Description;Manuf;Manuf Code;Supplier;Supplier Code
51;15028.0;;1,00;PCB;;PCB;UZCB;;;;AM;;;UZCB, IIT - Printed Circuit Board, Ultrascale Zynq Carrier Board for Enclustra module;IIT;15028;;;
P;IITCODE;N.M;QTY;REFDES;PACKAGE;CATEGORY;Value;Load capacitance;Stability;Frequency;Pieces_quoted;Prepared;;Description;Manuf;Manuf Code;Supplier;Supplier Code
52;1117;;1,00;Y1;C1E;Q;C1E-25.000-12-3030-X;12pF;30ppm;25MHz;;;;Quartz, 25MHz, 30ppm, SMD, 2x1.6mm;Aker;C1E-25.000-12-3030-X;FARNELL ITALIA S.R.L.;1640971;Aker;C1E-25.000-12-3030-X;RS COMPONENTS S.P.A.;671-9615;
53;15046;;1,00;U13;QFN50P900X900X100-65N;Q;AD9522-1BCPZ;;;2.4Ghz;;;;Programmable 12 LVDS/24 CMOS Output Clock Generator, 2.4 GHz, 3.3V, I2C/SPI, SMD, QFN50;Analog Devices;AD9522-1BCPZ;;;
54;15215;;1,00;Y2;NX2012SA;Q;NX2012SA-32.768KHZ-EXS00A-MU00389;7pF;20ppm;32.768KHz;;;;Quartz, 32.768KHz, 20ppm, SMD, 2x1.2mm;NDK;NX2012SA-32.768KHZ-EXS00A-MU00389;DIGI-KEY Germany;644-1350-1-ND;
P;IITCODE;N.M;QTY;REFDES;PACKAGE;CATEGORY;Resistance;Power;Tolerance;Stability;Voltage;Prepared;;Description;Manuf;Manuf Code;Supplier;Supplier Code
55;445;;2,00;R168 R169;0603;R;120R;0.1W;1%;100ppm;;;;Resistor Thick film, 120R, 0.1W, 1%, SMD, 0603;Phycomp;RC0603FR-07120RL;DIGI-KEY CORPORATION;311-120HRTR-ND;Phycomp;RC0603FR-07120RL;FARNELL ITALIA S.R.L.;9238379;
56;1080;;6,00;R131 R132 R147 R148 R150 R156;0402;R;0R;0.063W;1%;200ppm;;;;Resistor Thick film, 0R, 0.063W, 1%, SMD, 0402;Yageo;RC0402JR-070RL;FARNELL ITALIA S.R.L.;9232516;Yageo;RC0402JR-070RL;DIGI-KEY CORPORATION;311-0.0JRDKR-ND;
57;1084;;4,00;R103 R104 R105 R106;0402;R;75R;0.063W;1%;100ppm;;;;Resistor Thick film, 75R, 0.063W, 1%, SMD, 0402;Vishay;CRCW040275R0FKED;FARNELL ITALIA S.R.L.;1469734RL;
58;1085;;1,00;R84;0402;R;100R;0.063W;1%;100ppm;;;;Resistor Thick film, 100R, 0.063W, 1%, SMD, 0402;Vishay;CRCW0402100RFKED;FARNELL ITALIA S.R.L.;1469672RL;
59;1100;;4,00;R164 R165 R166 R167;0402;R;1K;0.063W;1%;250ppm;;;;Resistor Thick film, 1K, 0.063W, 1%, SMD, 0402;Yageo;RC0402FR-071KL;FARNELL ITALIA S.R.L.;9239235;Vishay;CRCW04021K00FKED;FARNELL ITALIA S.R.L.;1469662RL;Vishay;CRCW04021K00FKED;MOUSER ELECTRONICS;603-RC0402FR-071KL;
60;1109;;36,00;R2 R3 R5 R6 R7 R8 R9 R10 R11 R12 R13 R14 R15 R16 R17 R40 R41 R42 R43 R44 R45 R46 R47 R48 R49 R52 R53 R54 R55 R56 R57 R58 R59 R60 R61 R62;0402;R;10K;0.063W;1%;250ppm;;;;Resistor Thick film, 10K, 0.063W, 1%, SMD, 0402;Yageo;RC0402FR-0710KL;FARNELL ITALIA S.R.L.;9239359RL;Yageo;RC0402FR-0710KL;MOUSER ELECTRONICS;603-RC0402FR-0710KL;
61;1112;;6,00;R89 R90 R92 R94 R95 R96;0402;R;22K;0.063W;1%;250ppm;;;;Resistor Thick film, 22K, 0.063W, 1%, SMD, 0402;Yageo;RC0402FR-0722KL;FARNELL ITALIA S.R.L.;9239391RL;
62;1222;;6,00;R97 R98 R99 R100 R101 R102;0402;R;22R;0.063W;1%;250ppm;;;;Resistor Thick film, 22R, 0.063W, 1%, SMD, 0402;Yageo;RC0402FR-0722RL;FARNELL ITALIA S.R.L.;1117301;
63;1236;;4,00;R107 R108 R109 R110;0402;R;330R;0.063W;1%;100ppm;;;;Resistor Thick film, 330R, 0.063W, 1%, SMD, 0402;Vishay;CRCW0402330RFKED;FARNELL ITALIA S.R.L.;1469709RL;
64;1273;;2,00;R112 R113;0402;R;1K5;0.063W;1%;100ppm;;;;Resistor Thick film, 1K5, 0.063W, 1%, SMD, 0402;Vishay;CRCW04021K50FKED;FARNELL ITALIA S.R.L.;1653201RL;
65;1274;;4,00;R174 R176 R177 R178;0402;R;47K;0.063W;1%;100ppm;;;;Resistor Thick film, 47K, 0.063W, 1%, SMD, 0402;Yageo;RC0402FR-0747KL;FARNELL ITALIA S.R.L.;9239430;Yageo;RC0402FR-0747KL;FARNELL ITALIA S.R.L.;9239430RL;
66;1576;;1,00;R111;0603;R;5K1;0.063W;1%;100ppm;;;;Resistor Thick film, 5K1, 0.063W, 1%, SMD, 0603;Multicomp;MC 0.063W 0603 1% 5K1;FARNELL ITALIA S.R.L.;9331301;
67;4001;;2,00;R162 R163;0402;R;100K;0.063W;1%;250ppm;;;;Resistor Thick film, 100K, 0.063W, 1%, SMD, 0402;Yageo;RC0402FR-07100KL;FARNELL ITALIA S.R.L.;9239472RL;
68;7230;;1,00;R173;0402;R;390R;0.063W;1%;100ppm;;AM;;Resistor Thick film, 390R, 0.063W, 1%, SMD, 0402;Vishay;CRCW0402390RFKED;FARNELL ITALIA S.R.L.;2140733;
69;10831;;1,00;R67;0402;R;324K;0.063W;1%;100ppm;;;;Resistor Thick film, 324K, 0.063W, 1%, SMD, 0402;Vishay;CRCW0402324KFKED;FARNELL ITALIA S.R.L.;1151171;
70;11084;;2,00;R65 R66;0402;R;4K12;0.063W;1%;100ppm;;;;Resistor Thick film, 4K12, 0.063W, 1%, SMD, 0402;Vishay;CRCW04024K12FKED;FARNELL ITALIA S.R.L.;1652802;
71;11160;;1,00;R172;0402;R;750R;0.063W;1%;100ppm;;;;Resistor Thick film, 750R, 0.063W, 1%, SMD, 0402;Vishay;CRCW0402750RFKED;FARNELL ITALIA S.R.L.;1469735;
72;15132;;2,00;R170 R171;0201;R;20K;0.05W;1%;200ppm;;MB;;Resistor Thick film, 20K, 0.05W, 1%, SMD, 0201;Vishay;CRCW020120K0FKED;MOUSER ELECTRONICS;71-CRCW020120K0FKED;
P;IITCODE;N.M;QTY;REFDES;PACKAGE;CATEGORY;Value;Supply_voltage;Ranges;Pieces_quoted;Prepared;;;Description;Manuf;Manuf Code;Supplier;Supplier Code
73;10624;;1,00;U16;LGA5X4-28;SE;BNO055 - OUT OF STOCK;2.4/3.6V;;;;;;Nine axes IMU (accelerometer, gyroscope, compass), integrated cortex M0, 13.7mA, 2.4/3.6V, SMD, LGA5X4-28;Bosch;BNO055;MOUSER ELECTRONICS;262-BNO055;
74;11988;;1,00;U12;6-WDFN;SE;SI7051-A20-IM;1.9/3.6V;-40/+125C°;;;;;Temperature sensor, local, low voltage, digital, I2C, 14 bits, -40/+125C°, 1.9/3.6V, SMD, 6-WDFN I2C addresses 0x40;Silicon Labs;SI7051-A20-IM;DIGI-KEY Germany;336-3609-ND;
P;IITCODE;N.M;QTY;REFDES;PACKAGE;CATEGORY;Value;Supply_voltage;Pieces_quoted;Prepared;;;;Description;Manuf;Manuf Code;Supplier;Supplier Code
75;15179;;2,00;SW3 SW4;;SW;;12V;;;;;;Switch slide SPDT 200ma 12V, SMD,;Nidec Copal;CL-SB-12A-01T;MOUSER ELECTRONICS;229-CL-SB-12A-01T;
P;IITCODE;N.M;QTY;REFDES;PACKAGE;CATEGORY;Value;Power;Tolerance;Pieces_quoted;Prepared;;;Description;Manuf;Manuf Code;Supplier;Supplier Code
76;4148;;2,00;Q1 Q2;SOT23;TR;ZXMN2B14FH;1W;;;;;;N-Channel Mosfet, Vds=20V, Id=4.3A, Rds=55mR, SMD, SOT23;Zetex;ZXMN2B14FH;RS COMPONENTS S.P.A.;708-2636;Zetex;ZXMN2B14FH;FARNELL ITALIA S.R.L.;1426252;Zetex;ZXMN2B14FH;MOUSER ELECTRONICS;522-ZXMN2B14FHTA;
P;IITCODE;N.M;QTY;REFDES;PACKAGE;CATEGORY;Value;Inductance;Turns_ratio;SFR;Current;Pieces_quoted;Prepared;Description;Manuf;Manuf Code;Supplier;Supplier Code
77;11119;;1,00;U11;H5120NL;TS;H5120NL;1000BASE-T;;;;;AM;Transformer LAN, 1000BASE-T single port, p.1.27mm, SMD;Pulse;H5120NL;MOUSER ELECTRONICS;673-H5120NL;
P;IITCODE;N.M;QTY;REFDES;PACKAGE;CATEGORY;Value;Current;Impedence;Pieces_quoted;Prepared;;;Description;Manuf;Manuf Code;Supplier;Supplier Code
78;10364;X;2,00;J19 J20;TP-0603;CO;S2761-46R;;;;;;;Test point, SMD,  0603;Harwin;S2761-46R;MOUSER ELECTRONICS;855-S2761-46R;
P;IITCODE;N.M;QTY;REFDES;PACKAGE;CATEGORY;Value;;;;;;;Description;Manuf;Manuf Code;Supplier;Supplier Code
79;15221;X;4,00;H5 H6 H7 H8;MH2_6;FAST;M2.6 Metallized hole;;;;;;;PCB hole, metallized, for M2.6 thread;
P;IITCODE;N.M;QTY;REFDES;PACKAGE;CATEGORY;Value;Tolerance;Current;Voltage;Pieces_quoted;Prepared;;Description;Manuf;Manuf Code;Supplier;Supplier Code
80;7010;X;2,00;FL10 FL11;0402;FI;120R@100MHz;+/-25%;500mA;-;;AM;;Ferrite bead, 500mA, 120R@100MHz, SMD, 0402;Murata;BLM15AG121SN1D;FARNELL ITALIA S.R.L.;1515760;
P;IITCODE;N.M;QTY;REFDES;PACKAGE;CATEGORY;Resistance;Power;Tolerance;Stability;Voltage;Prepared;;Description;Manuf;Manuf Code;Supplier;Supplier Code
81;1080;X;40,00;R114 R115 R116 R117 R118 R119 R120 R121 R122 R123 R124 R125 R126 R127 R128 R129 R130 R133 R134 R135 R136 R137 R138 R139 R140 R141 R142 R143 R144 R145 R146 R149 R151 R152 R153 R154 R155 R157 R158 R159;0402;R;0R;0.063W;1%;200ppm;;;;Resistor Thick film, 0R, 0.063W, 1%, SMD, 0402;Yageo;RC0402JR-070RL;FARNELL ITALIA S.R.L.;9232516;Yageo;RC0402JR-070RL;DIGI-KEY CORPORATION;311-0.0JRDKR-ND;
82;1085;X;19,00;R68 R69 R70 R71 R72 R73 R74 R75 R76 R77 R78 R79 R80 R81 R82 R83 R85 R86 R87;0402;R;100R;0.063W;1%;100ppm;;;;Resistor Thick film, 100R, 0.063W, 1%, SMD, 0402;Vishay;CRCW0402100RFKED;FARNELL ITALIA S.R.L.;1469672RL;
83;1109;X;26,00;R1 R4 R18 R19 R20 R21 R22 R23 R24 R25 R26 R27 R28 R29 R30 R31 R32 R33 R34 R35 R36 R37 R38 R39 R50 R51;0402;R;10K;0.063W;1%;250ppm;;;;Resistor Thick film, 10K, 0.063W, 1%, SMD, 0402;Yageo;RC0402FR-0710KL;FARNELL ITALIA S.R.L.;9239359RL;Yageo;RC0402FR-0710KL;MOUSER ELECTRONICS;603-RC0402FR-0710KL;
84;1112;X;3,00;R88 R91 R93;0402;R;22K;0.063W;1%;250ppm;;;;Resistor Thick film, 22K, 0.063W, 1%, SMD, 0402;Yageo;RC0402FR-0722KL;FARNELL ITALIA S.R.L.;9239391RL;
85;1274;X;4,00;R175 R179 R180 R181;0402;R;47K;0.063W;1%;100ppm;;;;Resistor Thick film, 47K, 0.063W, 1%, SMD, 0402;Yageo;RC0402FR-0747KL;FARNELL ITALIA S.R.L.;9239430;Yageo;RC0402FR-0747KL;FARNELL ITALIA S.R.L.;9239430RL;
